,ID,Group,Color,Arrest_Date,Release_Date,Death_Date,1985_1989,1990_1994,Dataset Number,Dataset,Label,Country,City
0,177,,red,,,,2,2,1,"Australian Embassy Bombing 2004, Indonesia",AE,Indonesia,
1,577,,red,,,9/9/04,2,2,1,"Australian Embassy Bombing 2004, Indonesia",AE,Indonesia,
2,598,,red,1/?/2006,4/?/2008,,2,2,1,"Australian Embassy Bombing 2004, Indonesia",AE,Indonesia,
3,800,,red,,,4/29/06,2,2,1,"Australian Embassy Bombing 2004, Indonesia",AE,Indonesia,
4,801,,red,,,,2,2,1,"Australian Embassy Bombing 2004, Indonesia",AE,Indonesia,
5,802,,red,,,,2,2,1,"Australian Embassy Bombing 2004, Indonesia",AE,Indonesia,
6,1504,,red,11/5/04,,,2,2,1,"Australian Embassy Bombing 2004, Indonesia",AE,Indonesia,
7,1506,,red,6/?/2005,,,2,2,1,"Australian Embassy Bombing 2004, Indonesia",AE,Indonesia,
8,1507,,red,9/16/04,,,2,2,1,"Australian Embassy Bombing 2004, Indonesia",AE,Indonesia,
9,1509,,red,7/?/2005,,,2,2,1,"Australian Embassy Bombing 2004, Indonesia",AE,Indonesia,
10,1530,,red,11/5/04,,,2,2,1,"Australian Embassy Bombing 2004, Indonesia",AE,Indonesia,
11,1534,,red,9/?/2004,?/?/2007,,2,2,1,"Australian Embassy Bombing 2004, Indonesia",AE,Indonesia,
12,1541,,red,10/?/2004,12/?/2006,,2,2,1,"Australian Embassy Bombing 2004, Indonesia",AE,Indonesia,
13,1553,,red,7/13/04,12/?/2006,,2,2,1,"Australian Embassy Bombing 2004, Indonesia",AE,Indonesia,
14,1555,,red,6/30/04,?/?/2011,,2,2,1,"Australian Embassy Bombing 2004, Indonesia",AE,Indonesia,
15,1556,,red,7/27/04,,,2,2,1,"Australian Embassy Bombing 2004, Indonesia",AE,Indonesia,
16,1558,,red,11/5/04,?/?/2014,,2,2,1,"Australian Embassy Bombing 2004, Indonesia",AE,Indonesia,
17,1561,,red,7/?/2004,3/?/2007,,2,2,1,"Australian Embassy Bombing 2004, Indonesia",AE,Indonesia,
18,1562,,red,6/?/2005,?/?/2012,,2,2,1,"Australian Embassy Bombing 2004, Indonesia",AE,Indonesia,
19,1563,,red,6/30/04,,,2,2,1,"Australian Embassy Bombing 2004, Indonesia",AE,Indonesia,
20,1570,,red,8/?/2004,,,2,2,1,"Australian Embassy Bombing 2004, Indonesia",AE,Indonesia,
21,1574,,red,,,,2,2,1,"Australian Embassy Bombing 2004, Indonesia",AE,Indonesia,
22,1579,,red,,,11/9/05,2,2,1,"Australian Embassy Bombing 2004, Indonesia",AE,Indonesia,
23,1580,,red,,,4/29/06,2,2,1,"Australian Embassy Bombing 2004, Indonesia",AE,Indonesia,
24,1582,,red,7/2/05,?/?/2012,,2,2,1,"Australian Embassy Bombing 2004, Indonesia",AE,Indonesia,
25,1590,,red,11/5/04,,,2,2,1,"Australian Embassy Bombing 2004, Indonesia",AE,Indonesia,
26,1595,,red,7/26/04,3/?/2007,,2,2,1,"Australian Embassy Bombing 2004, Indonesia",AE,Indonesia,
0,151,,Red,10/?/2002,6/14/06,,2,2,2,"Bali bombings 2002, Indonesia",Bali 2002,Indonesia,Bali
1,153,,Red,?/?/2003,,,2,2,2,"Bali bombings 2002, Indonesia",Bali 2002,Indonesia,Bali
2,155,,Red,12/?/2002,,11/8/08,2,2,2,"Bali bombings 2002, Indonesia",Bali 2002,Indonesia,Bali
3,160,,Red,11/21/02,,11/8/08,2,2,2,"Bali bombings 2002, Indonesia",Bali 2002,Indonesia,Bali
4,162,,Red,11/6/02,,11/8/08,2,2,2,"Bali bombings 2002, Indonesia",Bali 2002,Indonesia,Bali
5,163,,Red,1/13/03,,,2,2,2,"Bali bombings 2002, Indonesia",Bali 2002,Indonesia,Bali
6,175,,Red,,,,2,2,2,"Bali bombings 2002, Indonesia",Bali 2002,Indonesia,Bali
7,176,,Red,4/22/03,,,2,2,2,"Bali bombings 2002, Indonesia",Bali 2002,Indonesia,Bali
8,177,,Red,,,,2,2,2,"Bali bombings 2002, Indonesia",Bali 2002,Indonesia,Bali
9,180,,Red,9/27/02,3/?/2005,,2,2,2,"Bali bombings 2002, Indonesia",Bali 2002,Indonesia,Bali
10,183,,Red,,,,2,2,2,"Bali bombings 2002, Indonesia",Bali 2002,Indonesia,Bali
11,189,,Red,,,,2,2,2,"Bali bombings 2002, Indonesia",Bali 2002,Indonesia,Bali
12,524,,Red,,,10/12/02,2,2,2,"Bali bombings 2002, Indonesia",Bali 2002,Indonesia,Bali
13,588,,Red,,,,2,2,2,"Bali bombings 2002, Indonesia",Bali 2002,Indonesia,Bali
14,590,,Red,12/3/02,,,2,2,2,"Bali bombings 2002, Indonesia",Bali 2002,Indonesia,Bali
15,650,,Red,,,,2,2,2,"Bali bombings 2002, Indonesia",Bali 2002,Indonesia,Bali
16,1503,,Red,11/19/02,,,2,2,2,"Bali bombings 2002, Indonesia",Bali 2002,Indonesia,Bali
17,1512,,Red,11/26/02,,,2,2,2,"Bali bombings 2002, Indonesia",Bali 2002,Indonesia,Bali
18,1513,,Red,11/29/02,,,2,2,2,"Bali bombings 2002, Indonesia",Bali 2002,Indonesia,Bali
19,1529,,Red,5/7/03,?/?/2006,,2,2,2,"Bali bombings 2002, Indonesia",Bali 2002,Indonesia,Bali
20,1532,,Red,12/4/02,,3/2/06,2,2,2,"Bali bombings 2002, Indonesia",Bali 2002,Indonesia,Bali
21,1549,,Red,4/22/03,,,2,2,2,"Bali bombings 2002, Indonesia",Bali 2002,Indonesia,Bali
22,1564,,Red,1/13/03,,,2,2,2,"Bali bombings 2002, Indonesia",Bali 2002,Indonesia,Bali
23,1576,,Red,,,,2,2,2,"Bali bombings 2002, Indonesia",Bali 2002,Indonesia,Bali
24,1579,,Red,,,11/9/05,2,2,2,"Bali bombings 2002, Indonesia",Bali 2002,Indonesia,Bali
25,1594,,Red,11/21/02,,,2,2,2,"Bali bombings 2002, Indonesia",Bali 2002,Indonesia,Bali
26,1597,,Red,6/?/2003,,,2,2,2,"Bali bombings 2002, Indonesia",Bali 2002,Indonesia,Bali
0,177,,Red, ,,,2,2,3,"Bali bombings 2005, Indonesia",Bali 2005,Indonesia,Bali
1,594,,Red,11/17/05,8/17/08,,2,2,3,"Bali bombings 2005, Indonesia",Bali 2005,Indonesia,Bali
2,595,,Red,11/18/05,1/24/10,,2,2,3,"Bali bombings 2005, Indonesia",Bali 2005,Indonesia,Bali
3,596,,Red,11/17/05,5/17/09,,2,2,3,"Bali bombings 2005, Indonesia",Bali 2005,Indonesia,Bali
4,800,,Red,,,4/29/06,2,2,3,"Bali bombings 2005, Indonesia",Bali 2005,Indonesia,Bali
5,810,,Red,11/10/05,9/1/14,,2,2,3,"Bali bombings 2005, Indonesia",Bali 2005,Indonesia,Bali
6,812,,Red,1/13/06,1/13/12,,2,2,3,"Bali bombings 2005, Indonesia",Bali 2005,Indonesia,Bali
7,814,,Red,1/13/03,,11/9/05,2,2,3,"Bali bombings 2005, Indonesia",Bali 2005,Indonesia,Bali
8,815,,Red,11/1/05,11/1/20,,2,2,3,"Bali bombings 2005, Indonesia",Bali 2005,Indonesia,Bali
9,816,,Red,1/13/06,1/13/12,,2,2,3,"Bali bombings 2005, Indonesia",Bali 2005,Indonesia,Bali
10,817,,Red,1/19/06,1/19/18,,2,2,3,"Bali bombings 2005, Indonesia",Bali 2005,Indonesia,Bali
11,819,,Red,11/23/05,11/23/14,,2,2,3,"Bali bombings 2005, Indonesia",Bali 2005,Indonesia,Bali
12,820,,Red,1/18/06,1/25/06,,2,2,3,"Bali bombings 2005, Indonesia",Bali 2005,Indonesia,Bali
13,824,,Red,1/1/06,11/29/11,,2,2,3,"Bali bombings 2005, Indonesia",Bali 2005,Indonesia,Bali
14,828,,Red,1/13/06,11/29/16,,2,2,3,"Bali bombings 2005, Indonesia",Bali 2005,Indonesia,Bali
15,829,,Red,,,10/1/05,2,2,3,"Bali bombings 2005, Indonesia",Bali 2005,Indonesia,Bali
16,830,,Red,,,10/1/05,2,2,3,"Bali bombings 2005, Indonesia",Bali 2005,Indonesia,Bali
17,831,,Red,,,10/1/05,2,2,3,"Bali bombings 2005, Indonesia",Bali 2005,Indonesia,Bali
18,834,,Red,1/13/06,11/1/12,,2,2,3,"Bali bombings 2005, Indonesia",Bali 2005,Indonesia,Bali
19,835,,Red,1/18/06, ,,2,2,3,"Bali bombings 2005, Indonesia",Bali 2005,Indonesia,Bali
20,838,,Red,1/1/06,11/29/16,,2,2,3,"Bali bombings 2005, Indonesia",Bali 2005,Indonesia,Bali
21,839,,Red,11/9/05,9/7/24,,2,2,3,"Bali bombings 2005, Indonesia",Bali 2005,Indonesia,Bali
22,840,,Red,,,,2,2,3,"Bali bombings 2005, Indonesia",Bali 2005,Indonesia,Bali
23,841,,Red,,,,2,2,3,"Bali bombings 2005, Indonesia",Bali 2005,Indonesia,Bali
24,1579,,Red,,,11/9/05,2,2,3,"Bali bombings 2005, Indonesia",Bali 2005,Indonesia,Bali
25,1580,,Red,,,4/29/06,2,2,3,"Bali bombings 2005, Indonesia",Bali 2005,Indonesia,Bali
26,1605,,Red,,,,2,2,3,"Bali bombings 2005, Indonesia",Bali 2005,Indonesia,Bali
0,151,,Red,10/?/2002,6/14/06,,2,2,4,"Christmas Eve bombings 2000, Indonesia",CE,Indonesia,
1,153,,Red,?/?/2003,,,2,2,4,"Christmas Eve bombings 2000, Indonesia",CE,Indonesia,
2,155,,Red,12/?/2002,,11/8/08,2,2,4,"Christmas Eve bombings 2000, Indonesia",CE,Indonesia,
3,160,,Red,11/21/02,,11/8/08,2,2,4,"Christmas Eve bombings 2000, Indonesia",CE,Indonesia,
4,162,,Red,11/6/02,,11/8/08,2,2,4,"Christmas Eve bombings 2000, Indonesia",CE,Indonesia,
5,163,,Red,1/13/03,,,2,2,4,"Christmas Eve bombings 2000, Indonesia",CE,Indonesia,
6,164,,Red,12/9/01,,,2,2,4,"Christmas Eve bombings 2000, Indonesia",CE,Indonesia,
7,176,,Red,4/22/03,,,2,2,4,"Christmas Eve bombings 2000, Indonesia",CE,Indonesia,
8,180,,Red,9/27/02,3/?/2005,,2,2,4,"Christmas Eve bombings 2000, Indonesia",CE,Indonesia,
9,183,,Red,,,,2,2,4,"Christmas Eve bombings 2000, Indonesia",CE,Indonesia,
10,189,,Red,,,,2,2,4,"Christmas Eve bombings 2000, Indonesia",CE,Indonesia,
11,193,,Red,8/?/2001,,,2,2,4,"Christmas Eve bombings 2000, Indonesia",CE,Indonesia,
12,365,,Red,4/27/03,8/?/2007,,2,2,4,"Christmas Eve bombings 2000, Indonesia",CE,Indonesia,
13,368,,Red,12/?/2001,5/?/2006,,2,2,4,"Christmas Eve bombings 2000, Indonesia",CE,Indonesia,
14,373,,Red,12/?/2001,,,2,2,4,"Christmas Eve bombings 2000, Indonesia",CE,Indonesia,
15,376,,Red,12/?/2001,,,2,2,4,"Christmas Eve bombings 2000, Indonesia",CE,Indonesia,
16,538,,Red,,,?/?/2000,2,2,4,"Christmas Eve bombings 2000, Indonesia",CE,Indonesia,
17,539,,Red,?/?/2002,,,2,2,4,"Christmas Eve bombings 2000, Indonesia",CE,Indonesia,
18,540,,Red,6/?2005,,,2,2,4,"Christmas Eve bombings 2000, Indonesia",CE,Indonesia,
19,542,,Red,5/22/03,,,2,2,4,"Christmas Eve bombings 2000, Indonesia",CE,Indonesia,
20,543,,Red,,,?/?/2000,2,2,4,"Christmas Eve bombings 2000, Indonesia",CE,Indonesia,
21,544,,Red,,,?/?/2000,2,2,4,"Christmas Eve bombings 2000, Indonesia",CE,Indonesia,
22,545,,Red,,,?/?/2000,2,2,4,"Christmas Eve bombings 2000, Indonesia",CE,Indonesia,
23,546,,Red,,,?/?/2002,2,2,4,"Christmas Eve bombings 2000, Indonesia",CE,Indonesia,
24,589,,Red,?/?/2002,,,2,2,4,"Christmas Eve bombings 2000, Indonesia",CE,Indonesia,
25,650,,Red,,,,2,2,4,"Christmas Eve bombings 2000, Indonesia",CE,Indonesia,
26,1502,,Red,1/21/03,,,2,2,4,"Christmas Eve bombings 2000, Indonesia",CE,Indonesia,
27,1508,,Red,1/?/2001,,,2,2,4,"Christmas Eve bombings 2000, Indonesia",CE,Indonesia,
28,1517,,Red,5/?/2003,?/?/2006,,2,2,4,"Christmas Eve bombings 2000, Indonesia",CE,Indonesia,
29,1518,,Red,?/?/2001,6/?/2006,,2,2,4,"Christmas Eve bombings 2000, Indonesia",CE,Indonesia,
30,1521,,Red,6/12/03,?/?/2007,,2,2,4,"Christmas Eve bombings 2000, Indonesia",CE,Indonesia,
31,1527,,Red,1/16/01,?/?/2005,,2,2,4,"Christmas Eve bombings 2000, Indonesia",CE,Indonesia,
32,1546,,Red,1/13/01,?/?/2005,,2,2,4,"Christmas Eve bombings 2000, Indonesia",CE,Indonesia,
33,1559,,Red,6/?/2003,,,2,2,4,"Christmas Eve bombings 2000, Indonesia",CE,Indonesia,
34,1564,,Red,1/13/03,,,2,2,4,"Christmas Eve bombings 2000, Indonesia",CE,Indonesia,
35,1565,,Red,2/16/04,,,2,2,4,"Christmas Eve bombings 2000, Indonesia",CE,Indonesia,
36,1566,,Red,?/?/2001,?/?/2004,,2,2,4,"Christmas Eve bombings 2000, Indonesia",CE,Indonesia,
37,1568,,Red,,,,2,2,4,"Christmas Eve bombings 2000, Indonesia",CE,Indonesia,
38,1573,,Red,,,,2,2,4,"Christmas Eve bombings 2000, Indonesia",CE,Indonesia,
39,1576,,Red,,,,2,2,4,"Christmas Eve bombings 2000, Indonesia",CE,Indonesia,
40,1577,,Red,11/25/02,1/15/07,,2,2,4,"Christmas Eve bombings 2000, Indonesia",CE,Indonesia,
41,1579,,Red,,,11/9/05,2,2,4,"Christmas Eve bombings 2000, Indonesia",CE,Indonesia,
42,1588,,Red,1/?/2001,,,2,2,4,"Christmas Eve bombings 2000, Indonesia",CE,Indonesia,
43,1597,,Red,6/?/2003,,,2,2,4,"Christmas Eve bombings 2000, Indonesia",CE,Indonesia,
44,2360,,Red,,,,2,2,4,"Christmas Eve bombings 2000, Indonesia",CE,Indonesia,
0,1012,,,2001,,,2,2,5,"The Hamburg 9/11 Cell 2001, Germany",HAM 9/11,Germany,Hamburg
1,57,,,,,,2,2,5,"The Hamburg 9/11 Cell 2001, Germany",HAM 9/11,Germany,Hamburg
2,58,,,2005,2005,,2,2,5,"The Hamburg 9/11 Cell 2001, Germany",HAM 9/11,Germany,Hamburg
3,1032,,,,,,2,2,5,"The Hamburg 9/11 Cell 2001, Germany",HAM 9/11,Germany,Hamburg
4,1036,,,,,,2,2,5,"The Hamburg 9/11 Cell 2001, Germany",HAM 9/11,Germany,Hamburg
5,54,,,11/?/2001,,,2,2,5,"The Hamburg 9/11 Cell 2001, Germany",HAM 9/11,Germany,Hamburg
6,61,,,10/10/02,,,2,2,5,"The Hamburg 9/11 Cell 2001, Germany",HAM 9/11,Germany,Hamburg
7,60,,,11/?/2001,,,2,2,5,"The Hamburg 9/11 Cell 2001, Germany",HAM 9/11,Germany,Hamburg
8,1014,,,,,,2,2,5,"The Hamburg 9/11 Cell 2001, Germany",HAM 9/11,Germany,Hamburg
9,1030,,,,,,2,2,5,"The Hamburg 9/11 Cell 2001, Germany",HAM 9/11,Germany,Hamburg
10,63,,,,,9/11/01,2,2,5,"The Hamburg 9/11 Cell 2001, Germany",HAM 9/11,Germany,Hamburg
11,1037,,,,,,2,2,5,"The Hamburg 9/11 Cell 2001, Germany",HAM 9/11,Germany,Hamburg
12,1035,,,,,,2,2,5,"The Hamburg 9/11 Cell 2001, Germany",HAM 9/11,Germany,Hamburg
13,1033,,,,,,2,2,5,"The Hamburg 9/11 Cell 2001, Germany",HAM 9/11,Germany,Hamburg
14,1026,,,,,,2,2,5,"The Hamburg 9/11 Cell 2001, Germany",HAM 9/11,Germany,Hamburg
15,59,,,,,,2,2,5,"The Hamburg 9/11 Cell 2001, Germany",HAM 9/11,Germany,Hamburg
16,64,,,9/?/2002,,,2,2,5,"The Hamburg 9/11 Cell 2001, Germany",HAM 9/11,Germany,Hamburg
17,650,,,,,,2,2,5,"The Hamburg 9/11 Cell 2001, Germany",HAM 9/11,Germany,Hamburg
18,1011,,,,,,2,2,5,"The Hamburg 9/11 Cell 2001, Germany",HAM 9/11,Germany,Hamburg
19,65,,,,,9/11/01,2,2,5,"The Hamburg 9/11 Cell 2001, Germany",HAM 9/11,Germany,Hamburg
20,1015,,,,,,2,2,5,"The Hamburg 9/11 Cell 2001, Germany",HAM 9/11,Germany,Hamburg
21,1034,,,7/?/2002,7/?/2002,,2,2,5,"The Hamburg 9/11 Cell 2001, Germany",HAM 9/11,Germany,Hamburg
22,62,,,,,,2,2,5,"The Hamburg 9/11 Cell 2001, Germany",HAM 9/11,Germany,Hamburg
23,66,,,,,9/11/01,2,2,5,"The Hamburg 9/11 Cell 2001, Germany",HAM 9/11,Germany,Hamburg
24,1016,,,,,,2,2,5,"The Hamburg 9/11 Cell 2001, Germany",HAM 9/11,Germany,Hamburg
25,1017,,,,,,2,2,5,"The Hamburg 9/11 Cell 2001, Germany",HAM 9/11,Germany,Hamburg
26,1038,,,,,,2,2,5,"The Hamburg 9/11 Cell 2001, Germany",HAM 9/11,Germany,Hamburg
27,1039,,,,,,2,2,5,"The Hamburg 9/11 Cell 2001, Germany",HAM 9/11,Germany,Hamburg
28,1040,,,,,,2,2,5,"The Hamburg 9/11 Cell 2001, Germany",HAM 9/11,Germany,Hamburg
29,1031,,,2003,2005,,2,2,5,"The Hamburg 9/11 Cell 2001, Germany",HAM 9/11,Germany,Hamburg
30,1025,,,,,,2,2,5,"The Hamburg 9/11 Cell 2001, Germany",HAM 9/11,Germany,Hamburg
31,1041,,,,,,2,2,5,"The Hamburg 9/11 Cell 2001, Germany",HAM 9/11,Germany,Hamburg
32,1005,,,,,,2,2,5,"The Hamburg 9/11 Cell 2001, Germany",HAM 9/11,Germany,Hamburg
33,1042,,,,,,2,2,5,"The Hamburg 9/11 Cell 2001, Germany",HAM 9/11,Germany,Hamburg
0,3100,,Blue,11/13/01,,,2,2,6,"Madrid Train Bombings 2004, Spain",MAD,Spain,
1,3101,,Blue,,,,2,2,6,"Madrid Train Bombings 2004, Spain",MAD,Spain,
2,3104,,Blue,11/6/03,,,2,2,6,"Madrid Train Bombings 2004, Spain",MAD,Spain,
3,3106,,Blue,,,,2,2,6,"Madrid Train Bombings 2004, Spain",MAD,Spain,
4,318,,Blue,11/?/2001,,,2,2,6,"Madrid Train Bombings 2004, Spain",MAD,Spain,
5,3132,,Blue,,,4/3/04,2,2,6,"Madrid Train Bombings 2004, Spain",MAD,Spain,
6,3133,,Blue,12/7/05,,,2,2,6,"Madrid Train Bombings 2004, Spain",MAD,Spain,
7,3134,,Blue,3/30/04,,,2,2,6,"Madrid Train Bombings 2004, Spain",MAD,Spain,
8,3135,,Blue,3/13/04,,,2,2,6,"Madrid Train Bombings 2004, Spain",MAD,Spain,
9,3136,,Blue,5/?/2003,,,2,2,6,"Madrid Train Bombings 2004, Spain",MAD,Spain,
10,3137,,Blue,5/?/2003,,,2,2,6,"Madrid Train Bombings 2004, Spain",MAD,Spain,
11,3138,,Blue,,,,2,2,6,"Madrid Train Bombings 2004, Spain",MAD,Spain,
12,3139,,Blue,4/2/04,,,2,2,6,"Madrid Train Bombings 2004, Spain",MAD,Spain,
13,3140,,Blue,6/8/04,,,2,2,6,"Madrid Train Bombings 2004, Spain",MAD,Spain,
14,3141,,Blue,4/1/97,6/29/02,4/3/04,2,2,6,"Madrid Train Bombings 2004, Spain",MAD,Spain,
15,3142,,Blue,11/3/04,,,2,2,6,"Madrid Train Bombings 2004, Spain",MAD,Spain,
16,3143,,Blue,,,,2,2,6,"Madrid Train Bombings 2004, Spain",MAD,Spain,
17,3144,,Blue,?/?/2000,?/?/2003,4/3/04,2,2,6,"Madrid Train Bombings 2004, Spain",MAD,Spain,
18,3145,,Blue,,,4/3/04,2,2,6,"Madrid Train Bombings 2004, Spain",MAD,Spain,
19,3146,,Blue,4/7/04,,,2,2,6,"Madrid Train Bombings 2004, Spain",MAD,Spain,
20,3147,,Blue,,,4/3/04,2,2,6,"Madrid Train Bombings 2004, Spain",MAD,Spain,
21,3148,,Blue,,,4/3/04,2,2,6,"Madrid Train Bombings 2004, Spain",MAD,Spain,
22,3149,,Blue,,,4/3/04,2,2,6,"Madrid Train Bombings 2004, Spain",MAD,Spain,
23,3150,,Blue,3/18/04,,,2,2,6,"Madrid Train Bombings 2004, Spain",MAD,Spain,
24,3151,,Blue,12/2/04,,,2,2,6,"Madrid Train Bombings 2004, Spain",MAD,Spain,
25,3152,,Blue,3/24/04,,,2,2,6,"Madrid Train Bombings 2004, Spain",MAD,Spain,
26,3153,,Blue,,,,2,2,6,"Madrid Train Bombings 2004, Spain",MAD,Spain,
27,3154,,Blue,,,,2,2,6,"Madrid Train Bombings 2004, Spain",MAD,Spain,
28,3155,,Blue,1/12/06,,,2,2,6,"Madrid Train Bombings 2004, Spain",MAD,Spain,
29,3156,,Blue,3/?/2005,,,2,2,6,"Madrid Train Bombings 2004, Spain",MAD,Spain,
30,3157,,Blue,3/?/2005,,,2,2,6,"Madrid Train Bombings 2004, Spain",MAD,Spain,
31,3158,,Blue,2/1/05,,,2,2,6,"Madrid Train Bombings 2004, Spain",MAD,Spain,
32,3159,,Blue,2/1/05,,,2,2,6,"Madrid Train Bombings 2004, Spain",MAD,Spain,
33,3160,,Blue,2/1/05,,,2,2,6,"Madrid Train Bombings 2004, Spain",MAD,Spain,
34,3161,,Blue,5/?/2005,,,2,2,6,"Madrid Train Bombings 2004, Spain",MAD,Spain,
35,3162,,Blue,8/16/05,,,2,2,6,"Madrid Train Bombings 2004, Spain",MAD,Spain,
36,3163,,Blue,3/30/04,,,2,2,6,"Madrid Train Bombings 2004, Spain",MAD,Spain,
37,3164,,Blue,4/2/04,,,2,2,6,"Madrid Train Bombings 2004, Spain",MAD,Spain,
38,3165,,Blue,5/21/04,,,2,2,6,"Madrid Train Bombings 2004, Spain",MAD,Spain,
39,3166,,Blue,5/6/04,,,2,2,6,"Madrid Train Bombings 2004, Spain",MAD,Spain,
40,3167,,Blue,?/?/2004,,,2,2,6,"Madrid Train Bombings 2004, Spain",MAD,Spain,
41,3168,,Blue,6/10/04,12/15/04,,2,2,6,"Madrid Train Bombings 2004, Spain",MAD,Spain,
42,3169,,Blue,6/?/2004,,,2,2,6,"Madrid Train Bombings 2004, Spain",MAD,Spain,
43,3170,,Blue,6/11/04,,,2,2,6,"Madrid Train Bombings 2004, Spain",MAD,Spain,
44,3171,,Blue,6/?/2004,,,2,2,6,"Madrid Train Bombings 2004, Spain",MAD,Spain,
45,3172,,Blue,?/?/2004,,,2,2,6,"Madrid Train Bombings 2004, Spain",MAD,Spain,
46,3173,,Blue,7/1/04,2/15/05,,2,2,6,"Madrid Train Bombings 2004, Spain",MAD,Spain,
47,3174,,Blue,?/?/2004,,,2,2,6,"Madrid Train Bombings 2004, Spain",MAD,Spain,
48,3176,,Blue,?/?/2004,,,2,2,6,"Madrid Train Bombings 2004, Spain",MAD,Spain,
49,3177,,Blue,?/?/2004,,,2,2,6,"Madrid Train Bombings 2004, Spain",MAD,Spain,
50,3178,,Blue,?/?/2004,,,2,2,6,"Madrid Train Bombings 2004, Spain",MAD,Spain,
51,3179,,Blue,,,,2,2,6,"Madrid Train Bombings 2004, Spain",MAD,Spain,
52,3180,,Blue,4/6/04,,,2,2,6,"Madrid Train Bombings 2004, Spain",MAD,Spain,
53,3181,,Blue,6/14/04,,,2,2,6,"Madrid Train Bombings 2004, Spain",MAD,Spain,
0,151,,Red,10/?/2002,6/14/06,,2,2,7,"Philippines Ambassador Residence Bombing 2000, Jakarta",PAR,Indonesia,Jakarta
1,153,,Red,?/?/2003,,,2,2,7,"Philippines Ambassador Residence Bombing 2000, Jakarta",PAR,Indonesia,Jakarta
2,155,,Red,12/?/2002,,11/8/08,2,2,7,"Philippines Ambassador Residence Bombing 2000, Jakarta",PAR,Indonesia,Jakarta
3,159,,Red,1/?/2002,,?/?/2003,2,2,7,"Philippines Ambassador Residence Bombing 2000, Jakarta",PAR,Indonesia,Jakarta
4,162,,Red,11/6/02,,11/8/08,2,2,7,"Philippines Ambassador Residence Bombing 2000, Jakarta",PAR,Indonesia,Jakarta
5,163,,Red,1/13/03,,,2,2,7,"Philippines Ambassador Residence Bombing 2000, Jakarta",PAR,Indonesia,Jakarta
6,183,,Red,,,,2,2,7,"Philippines Ambassador Residence Bombing 2000, Jakarta",PAR,Indonesia,Jakarta
7,189,,Red,,,,2,2,7,"Philippines Ambassador Residence Bombing 2000, Jakarta",PAR,Indonesia,Jakarta
8,193,,Red,8/?/2001,,,2,2,7,"Philippines Ambassador Residence Bombing 2000, Jakarta",PAR,Indonesia,Jakarta
9,368,,Red,12/?/2001,5/?/2006,,2,2,7,"Philippines Ambassador Residence Bombing 2000, Jakarta",PAR,Indonesia,Jakarta
10,587,,Red,,,,2,2,7,"Philippines Ambassador Residence Bombing 2000, Jakarta",PAR,Indonesia,Jakarta
11,650,,Red,,,,2,2,7,"Philippines Ambassador Residence Bombing 2000, Jakarta",PAR,Indonesia,Jakarta
12,1502,,Red,1/21/03,,,2,2,7,"Philippines Ambassador Residence Bombing 2000, Jakarta",PAR,Indonesia,Jakarta
13,1549,,Red,4/22/03,,,2,2,7,"Philippines Ambassador Residence Bombing 2000, Jakarta",PAR,Indonesia,Jakarta
14,1564,,Red,1/13/03,,,2,2,7,"Philippines Ambassador Residence Bombing 2000, Jakarta",PAR,Indonesia,Jakarta
15,1567,,Red,10/?/2002,11/?/2004,,2,2,7,"Philippines Ambassador Residence Bombing 2000, Jakarta",PAR,Indonesia,Jakarta
0,151,,red,10/?/2002,6/14/06,,2,2,8,"Southeast Asian Aggregate Attack Series 2005, Indonesia",SEA,Indonesia,
1,153,,red,?/?/2003,,,2,2,8,"Southeast Asian Aggregate Attack Series 2005, Indonesia",SEA,Indonesia,
2,155,,red,12/?/2002,,11/8/08,2,2,8,"Southeast Asian Aggregate Attack Series 2005, Indonesia",SEA,Indonesia,
3,159,,red,1/?/2002,,?/?/2003,2,2,8,"Southeast Asian Aggregate Attack Series 2005, Indonesia",SEA,Indonesia,
4,160,,red,11/21/02,,11/8/08,2,2,8,"Southeast Asian Aggregate Attack Series 2005, Indonesia",SEA,Indonesia,
5,162,,red,11/6/02,,11/8/08,2,2,8,"Southeast Asian Aggregate Attack Series 2005, Indonesia",SEA,Indonesia,
6,163,,red,1/13/03,,,2,2,8,"Southeast Asian Aggregate Attack Series 2005, Indonesia",SEA,Indonesia,
7,164,,red,12/9/01,,,2,2,8,"Southeast Asian Aggregate Attack Series 2005, Indonesia",SEA,Indonesia,
8,175,,red,,,,2,2,8,"Southeast Asian Aggregate Attack Series 2005, Indonesia",SEA,Indonesia,
9,176,,red,4/22/03,,,2,2,8,"Southeast Asian Aggregate Attack Series 2005, Indonesia",SEA,Indonesia,
10,177,,red,,,,2,2,8,"Southeast Asian Aggregate Attack Series 2005, Indonesia",SEA,Indonesia,
11,180,,red,9/27/02,3/?/2005,,2,2,8,"Southeast Asian Aggregate Attack Series 2005, Indonesia",SEA,Indonesia,
12,183,,red,,,,2,2,8,"Southeast Asian Aggregate Attack Series 2005, Indonesia",SEA,Indonesia,
13,189,,red,,,,2,2,8,"Southeast Asian Aggregate Attack Series 2005, Indonesia",SEA,Indonesia,
14,193,,red,8/?/2001,,,2,2,8,"Southeast Asian Aggregate Attack Series 2005, Indonesia",SEA,Indonesia,
15,365,,red,4/27/03,8/?/2007,,2,2,8,"Southeast Asian Aggregate Attack Series 2005, Indonesia",SEA,Indonesia,
16,368,,red,12/?/2001,5/?/2006,,2,2,8,"Southeast Asian Aggregate Attack Series 2005, Indonesia",SEA,Indonesia,
17,373,,red,12/?/2001,,,2,2,8,"Southeast Asian Aggregate Attack Series 2005, Indonesia",SEA,Indonesia,
18,376,,red,12/?/2001,,,2,2,8,"Southeast Asian Aggregate Attack Series 2005, Indonesia",SEA,Indonesia,
19,524,,red,,,10/12/02,2,2,8,"Southeast Asian Aggregate Attack Series 2005, Indonesia",SEA,Indonesia,
20,538,,red,,,?/?/2000,2,2,8,"Southeast Asian Aggregate Attack Series 2005, Indonesia",SEA,Indonesia,
21,539,,red,?/?/2002,,,2,2,8,"Southeast Asian Aggregate Attack Series 2005, Indonesia",SEA,Indonesia,
22,540,,red,6/?2005,,,2,2,8,"Southeast Asian Aggregate Attack Series 2005, Indonesia",SEA,Indonesia,
23,542,,red,5/22/03,,,2,2,8,"Southeast Asian Aggregate Attack Series 2005, Indonesia",SEA,Indonesia,
24,543,,red,,,?/?/2000,2,2,8,"Southeast Asian Aggregate Attack Series 2005, Indonesia",SEA,Indonesia,
25,544,,red,,,?/?/2000,2,2,8,"Southeast Asian Aggregate Attack Series 2005, Indonesia",SEA,Indonesia,
26,545,,red,,,?/?/2000,2,2,8,"Southeast Asian Aggregate Attack Series 2005, Indonesia",SEA,Indonesia,
27,546,,red,,,?/?/2002,2,2,8,"Southeast Asian Aggregate Attack Series 2005, Indonesia",SEA,Indonesia,
28,577,,red,,,9/9/04,2,2,8,"Southeast Asian Aggregate Attack Series 2005, Indonesia",SEA,Indonesia,
29,587,,red,,,,2,2,8,"Southeast Asian Aggregate Attack Series 2005, Indonesia",SEA,Indonesia,
30,588,,red,,,,2,2,8,"Southeast Asian Aggregate Attack Series 2005, Indonesia",SEA,Indonesia,
31,589,,red,?/?/2002,,,2,2,8,"Southeast Asian Aggregate Attack Series 2005, Indonesia",SEA,Indonesia,
32,590,,red,12/3/02,,,2,2,8,"Southeast Asian Aggregate Attack Series 2005, Indonesia",SEA,Indonesia,
33,594,,red,11/17/05,8/17/08,,2,2,8,"Southeast Asian Aggregate Attack Series 2005, Indonesia",SEA,Indonesia,
34,595,,red,11/18/05,1/24/10,,2,2,8,"Southeast Asian Aggregate Attack Series 2005, Indonesia",SEA,Indonesia,
35,596,,red,11/17/05,5/17/09,,2,2,8,"Southeast Asian Aggregate Attack Series 2005, Indonesia",SEA,Indonesia,
36,598,,red,1/?/2006,4/?/2008,,2,2,8,"Southeast Asian Aggregate Attack Series 2005, Indonesia",SEA,Indonesia,
37,650,,red,,,,2,2,8,"Southeast Asian Aggregate Attack Series 2005, Indonesia",SEA,Indonesia,
38,800,,red,,,4/29/06,2,2,8,"Southeast Asian Aggregate Attack Series 2005, Indonesia",SEA,Indonesia,
39,801,,red,,,,2,2,8,"Southeast Asian Aggregate Attack Series 2005, Indonesia",SEA,Indonesia,
40,802,,red,,,,2,2,8,"Southeast Asian Aggregate Attack Series 2005, Indonesia",SEA,Indonesia,
41,810,,red,11/10/05,9/1/14,,2,2,8,"Southeast Asian Aggregate Attack Series 2005, Indonesia",SEA,Indonesia,
42,812,,red,1/13/06,1/13/12,,2,2,8,"Southeast Asian Aggregate Attack Series 2005, Indonesia",SEA,Indonesia,
43,814,,red,1/13/03,,11/9/05,2,2,8,"Southeast Asian Aggregate Attack Series 2005, Indonesia",SEA,Indonesia,
44,815,,red,11/1/05,11/1/20,,2,2,8,"Southeast Asian Aggregate Attack Series 2005, Indonesia",SEA,Indonesia,
45,816,,red,1/13/06,1/13/12,,2,2,8,"Southeast Asian Aggregate Attack Series 2005, Indonesia",SEA,Indonesia,
46,817,,red,1/19/06,1/19/18,,2,2,8,"Southeast Asian Aggregate Attack Series 2005, Indonesia",SEA,Indonesia,
47,819,,red,11/23/05,11/23/14,,2,2,8,"Southeast Asian Aggregate Attack Series 2005, Indonesia",SEA,Indonesia,
48,820,,red,1/18/06,1/25/06,,2,2,8,"Southeast Asian Aggregate Attack Series 2005, Indonesia",SEA,Indonesia,
49,824,,red,1/1/06,11/29/11,,2,2,8,"Southeast Asian Aggregate Attack Series 2005, Indonesia",SEA,Indonesia,
50,828,,red,1/13/06,11/29/16,,2,2,8,"Southeast Asian Aggregate Attack Series 2005, Indonesia",SEA,Indonesia,
51,829,,red,,,10/1/05,2,2,8,"Southeast Asian Aggregate Attack Series 2005, Indonesia",SEA,Indonesia,
52,830,,red,,,10/1/05,2,2,8,"Southeast Asian Aggregate Attack Series 2005, Indonesia",SEA,Indonesia,
53,831,,red,,,10/1/05,2,2,8,"Southeast Asian Aggregate Attack Series 2005, Indonesia",SEA,Indonesia,
54,834,,red,1/13/06,11/1/12,,2,2,8,"Southeast Asian Aggregate Attack Series 2005, Indonesia",SEA,Indonesia,
55,835,,red,1/18/06, ,,2,2,8,"Southeast Asian Aggregate Attack Series 2005, Indonesia",SEA,Indonesia,
56,838,,red,1/1/06,11/29/16,,2,2,8,"Southeast Asian Aggregate Attack Series 2005, Indonesia",SEA,Indonesia,
57,839,,red,11/9/05,9/7/24,,2,2,8,"Southeast Asian Aggregate Attack Series 2005, Indonesia",SEA,Indonesia,
58,840,,red,,,,2,2,8,"Southeast Asian Aggregate Attack Series 2005, Indonesia",SEA,Indonesia,
59,841,,red,,,,2,2,8,"Southeast Asian Aggregate Attack Series 2005, Indonesia",SEA,Indonesia,
60,1502,,red,1/21/03,,,2,2,8,"Southeast Asian Aggregate Attack Series 2005, Indonesia",SEA,Indonesia,
61,1503,,red,11/19/02,,,2,2,8,"Southeast Asian Aggregate Attack Series 2005, Indonesia",SEA,Indonesia,
62,1504,,red,11/5/04,,,2,2,8,"Southeast Asian Aggregate Attack Series 2005, Indonesia",SEA,Indonesia,
63,1506,,red,6/?/2005,,,2,2,8,"Southeast Asian Aggregate Attack Series 2005, Indonesia",SEA,Indonesia,
64,1507,,red,9/16/04,,,2,2,8,"Southeast Asian Aggregate Attack Series 2005, Indonesia",SEA,Indonesia,
65,1508,,red,1/?/2001,,,2,2,8,"Southeast Asian Aggregate Attack Series 2005, Indonesia",SEA,Indonesia,
66,1509,,red,7/?/2005,,,2,2,8,"Southeast Asian Aggregate Attack Series 2005, Indonesia",SEA,Indonesia,
67,1512,,red,11/26/02,,,2,2,8,"Southeast Asian Aggregate Attack Series 2005, Indonesia",SEA,Indonesia,
68,1513,,red,11/29/02,,,2,2,8,"Southeast Asian Aggregate Attack Series 2005, Indonesia",SEA,Indonesia,
69,1517,,red,5/?/2003,?/?/2006,,2,2,8,"Southeast Asian Aggregate Attack Series 2005, Indonesia",SEA,Indonesia,
70,1518,,red,?/?/2001,6/?/2006,,2,2,8,"Southeast Asian Aggregate Attack Series 2005, Indonesia",SEA,Indonesia,
71,1521,,red,6/12/03,?/?/2007,,2,2,8,"Southeast Asian Aggregate Attack Series 2005, Indonesia",SEA,Indonesia,
72,1527,,red,1/16/01,?/?/2005,,2,2,8,"Southeast Asian Aggregate Attack Series 2005, Indonesia",SEA,Indonesia,
73,1529,,red,5/7/03,?/?/2006,,2,2,8,"Southeast Asian Aggregate Attack Series 2005, Indonesia",SEA,Indonesia,
74,1530,,red,11/5/04,,,2,2,8,"Southeast Asian Aggregate Attack Series 2005, Indonesia",SEA,Indonesia,
75,1532,,red,12/4/02,,3/2/06,2,2,8,"Southeast Asian Aggregate Attack Series 2005, Indonesia",SEA,Indonesia,
76,1534,,red,9/?/2004,?/?/2007,,2,2,8,"Southeast Asian Aggregate Attack Series 2005, Indonesia",SEA,Indonesia,
77,1541,,red,10/?/2004,12/?/2006,,2,2,8,"Southeast Asian Aggregate Attack Series 2005, Indonesia",SEA,Indonesia,
78,1546,,red,1/13/01,?/?/2005,,2,2,8,"Southeast Asian Aggregate Attack Series 2005, Indonesia",SEA,Indonesia,
79,1549,,red,4/22/03,,,2,2,8,"Southeast Asian Aggregate Attack Series 2005, Indonesia",SEA,Indonesia,
80,1553,,red,7/13/04,12/?/2006,,2,2,8,"Southeast Asian Aggregate Attack Series 2005, Indonesia",SEA,Indonesia,
81,1555,,red,6/30/04,?/?/2011,,2,2,8,"Southeast Asian Aggregate Attack Series 2005, Indonesia",SEA,Indonesia,
82,1556,,red,7/27/04,,,2,2,8,"Southeast Asian Aggregate Attack Series 2005, Indonesia",SEA,Indonesia,
83,1558,,red,11/5/04,?/?/2014,,2,2,8,"Southeast Asian Aggregate Attack Series 2005, Indonesia",SEA,Indonesia,
84,1559,,red,6/?/2003,,,2,2,8,"Southeast Asian Aggregate Attack Series 2005, Indonesia",SEA,Indonesia,
85,1561,,red,7/?/2004,3/?/2007,,2,2,8,"Southeast Asian Aggregate Attack Series 2005, Indonesia",SEA,Indonesia,
86,1562,,red,6/?/2005,?/?/2012,,2,2,8,"Southeast Asian Aggregate Attack Series 2005, Indonesia",SEA,Indonesia,
87,1563,,red,6/30/04,,,2,2,8,"Southeast Asian Aggregate Attack Series 2005, Indonesia",SEA,Indonesia,
88,1564,,red,1/13/03,,,2,2,8,"Southeast Asian Aggregate Attack Series 2005, Indonesia",SEA,Indonesia,
89,1565,,red,2/16/04,,,2,2,8,"Southeast Asian Aggregate Attack Series 2005, Indonesia",SEA,Indonesia,
90,1566,,red,?/?/2001,?/?/2004,,2,2,8,"Southeast Asian Aggregate Attack Series 2005, Indonesia",SEA,Indonesia,
91,1567,,red,10/?/2002,11/?/2004,,2,2,8,"Southeast Asian Aggregate Attack Series 2005, Indonesia",SEA,Indonesia,
92,1568,,red,,,,2,2,8,"Southeast Asian Aggregate Attack Series 2005, Indonesia",SEA,Indonesia,
93,1570,,red,8/?/2004, ,,2,2,8,"Southeast Asian Aggregate Attack Series 2005, Indonesia",SEA,Indonesia,
94,1573,,red,,,,2,2,8,"Southeast Asian Aggregate Attack Series 2005, Indonesia",SEA,Indonesia,
95,1574,,red,,,,2,2,8,"Southeast Asian Aggregate Attack Series 2005, Indonesia",SEA,Indonesia,
96,1576,,red,,,,2,2,8,"Southeast Asian Aggregate Attack Series 2005, Indonesia",SEA,Indonesia,
97,1577,,red,11/25/02,1/15/07,,2,2,8,"Southeast Asian Aggregate Attack Series 2005, Indonesia",SEA,Indonesia,
98,1579,,red,,,11/9/05,2,2,8,"Southeast Asian Aggregate Attack Series 2005, Indonesia",SEA,Indonesia,
99,1580,,red,,,4/29/06,2,2,8,"Southeast Asian Aggregate Attack Series 2005, Indonesia",SEA,Indonesia,
100,1582,,red,7/2/05,?/?/2012,,2,2,8,"Southeast Asian Aggregate Attack Series 2005, Indonesia",SEA,Indonesia,
101,1588,,red,1/?/2001,,,2,2,8,"Southeast Asian Aggregate Attack Series 2005, Indonesia",SEA,Indonesia,
102,1590,,red,11/5/04,,,2,2,8,"Southeast Asian Aggregate Attack Series 2005, Indonesia",SEA,Indonesia,
103,1594,,red,11/21/02,,,2,2,8,"Southeast Asian Aggregate Attack Series 2005, Indonesia",SEA,Indonesia,
104,1595,,red,7/26/04,3/?/2007,,2,2,8,"Southeast Asian Aggregate Attack Series 2005, Indonesia",SEA,Indonesia,
105,1597,,red,6/?/2003,,,2,2,8,"Southeast Asian Aggregate Attack Series 2005, Indonesia",SEA,Indonesia,
106,1605,,red,,,,2,2,8,"Southeast Asian Aggregate Attack Series 2005, Indonesia",SEA,Indonesia,
107,2360,,red,,,,2,2,8,"Southeast Asian Aggregate Attack Series 2005, Indonesia",SEA,Indonesia,
0,3000,1.0,Orange,7/27/05,,,2,2,9,"Vivace Bombing Cell 7/21/2005, London",VIV,United Kingdom,London
1,3001,1.0,Orange,?/?/2005,,,2,2,9,"Vivace Bombing Cell 7/21/2005, London",VIV,United Kingdom,London
2,3002,1.0,Orange,?/?/2005,,,2,2,9,"Vivace Bombing Cell 7/21/2005, London",VIV,United Kingdom,London
3,3003,1.0,Orange,?/?/2005,,,2,2,9,"Vivace Bombing Cell 7/21/2005, London",VIV,United Kingdom,London
4,3004,1.0,Orange,7/29/05,,,2,2,9,"Vivace Bombing Cell 7/21/2005, London",VIV,United Kingdom,London
